Kelamin,Rata-ratasem4,Rata-ratasem5,Rata-ratasem6,Tanggungan,PenghasilanAyah(Rupiah),PenghasilanIbu(Rupiah),Jumlahpenghasilan,Pekerjaan Ayah,Kepemilikanrumah,BahanLantai,Diterima/tdk
Laki-laki,85,85,85,4,1000000,0,1000000,Pegawai,Menumpang,Ubin,1
Perempuan,83.5,85.7,0,6,1000000,0,1000000,Pegawai,Milik Sendiri,Keramik,0
Perempuan,91.6,76.8,0,3,2700000,0,2700000,Pegawai,Milik Sendiri,Keramik,0
Perempuan,81.8,83,,4,1500000,0,1500000,Pegawai,Milik Sendiri,Keramik,1
Laki-laki,77,78,81,6,0,0,0,Tidak bekerja,Menumpang,Ubin,0
Perempuan,83,91,92,10,0,0,0,Tidak bekerja,Menumpang,Keramik,0
Laki-laki,94,77.08,0,8,3000000,0,3000000,Wiraswasta,Milik Sendiri,Keramik,1
Laki-laki,83.5,80.21,83.42,4,2500000,0,2500000,Petani,Milik Sendiri,Semen Plaster,1
Laki-laki,81.3,84.6,86.7,4,2000000,0,2000000,Pegawai,Milik Sendiri,Keramik,0
Perempuan,82,83,85,4,0,0,0,Tidak bekerja,Milik Sendiri,Semen Plaster,1
Perempuan,82.6,84.3,84.1,6,1500000,0,1500000,Pegawai,Menumpang,Keramik,1
Perempuan,85.13,86.57,87.92,4,4000000,0,4000000,Pegawai,Sewa Bulanan,Semen Plaster,0
Perempuan,79,80.9,82.1,4,2800000,0,2800000,Pegawai,Sewa Bulanan,Keramik,1
Laki-laki,83,86,87,6,1000000,600000,1600000,Pegawai,Milik Sendiri,Tanah,0
Perempuan,84,86,87,3,0,600000,600000,PNS,Milik Sendiri,Semen Plaster,1
Perempuan,84,90,92,5,2000000,0,2000000,Wiraswasta,Milik Sendiri,Keramik,1
Perempuan,82,84,86,7,2000000,0,2000000,Pegawai,Milik Sendiri,Keramik,1
Perempuan,84,87,89,3,600000,0,600000,Pegawai,Menumpang,Semen Plaster,0
Perempuan,82,83.5,88.3,2,2000000,500000,2500000,Pegawai,Sewa Bulanan,Ubin,0
Perempuan,83,83,85,5,2000000,0,2000000,Pegawai,Milik Sendiri,Ubin,1
Perempuan,87,85,87,4,300000,300000,600000,Petani,Menumpang,Ubin,0
Perempuan,84,84,84,5,0,0,0,Wiraswasta,Menumpang,Kayu,0
Perempuan,87,86,88,4,500000,500000,1000000,Petani,Milik Sendiri,Semen Plaster,1
Perempuan,80,79,81,4,2000000,0,2000000,PNS,Milik Sendiri,Keramik,0
Perempuan,88,89,90,5,5000000,0,5000000,Pegawai,Milik Sendiri,Keramik,0
Perempuan,76,76,76,5,4000000,0,4000000,Wiraswasta,Sewa Bulanan,Keramik,1
Perempuan,84.5,85.5,89,7,3000000,0,3000000,Wiraswasta ,Menumpang,Semen Plaster,0
Perempuan,80,76,89,4,3500000,0,3500000,Pegawai,Milik Sendiri,Ubin,1
Perempuan,80,80,80,5,500000,0,500000,Wiraswasta,Sewa Bulanan,Ubin,1
Perempuan,80,83,87,5,750000,0,750000,Petani,Milik Sendiri,Kayu,1
Perempuan,82,83.53,83,6,1000000,0,1000000,Pegawai,Milik Sendiri,Semen Plaster,0
Perempuan,81.57,83.1,85.73,4,200000,0,200000,Petani,Milik Sendiri,Ubin,1
Perempuan,92,92,92,7,1000000,0,1000000,Petani,Milik Sendiri,Keramik,0
Perempuan,88,89,91,5,500000,0,500000,Pegawai,Milik Sendiri,Ubin,1
Laki-laki,78.9,78.1,79.9,10,0,2500000,2500000,Tidak Bekerja,Menumpang,Ubin,1
Perempuan,80.66,83.83,84.66,5,0,0,0,Pegawai,Sewa Bulanan,Ubin,1
Perempuan,83,85,86,6,0,0,0,Tidak bekerja,Milik Sendiri,Ubin,1
Perempuan,85.08,85.64,,9,0,1300000,1300000,Buruh,Menumpang,Keramik,0
Perempuan,84,87,87,4,2000000,0,2000000,Buruh,Menumpang,Keramik,1
Perempuan,82.73,83,84.9,6,1500000,0,1500000,Wiraswasta,Milik Sendiri,Semen Plaster,1
Laki-laki,84,82,86,5,0,300000,300000,Tidak bekerja,Menumpang,Keramik,1
Perempuan,,,,4,1600000,0,1600000,Pegawai,Milik Sendiri,Ubin,1
Perempuan,81.75,83.25,83.51,6,70000,0,70000,Pegawai,Milik Sendiri,Keramik,1
Laki-laki,85,85,85,3,1000000,0,1000000,Pegawai,Milik Sendiri,Ubin,1
Laki-laki,79,81,82,6,3000000,0,3000000,Pegawai,Milik Sendiri,Keramik,1
Perempuan,83,85,87,4,3000000,0,3000000,Pegawai,Milik Sendiri,Keramik,0
Laki-laki,92.4,93.4,94.06,4,1500000,0,1500000,Pegawai,Menumpang,Kayu,1
Perempuan,80.57,81.42,83.14,6,0,2500000,2500000,Tidak bekerja,Menumpang,Keramik,1
Laki-laki,89,90,,6,0,2000000,2000000,Wiraswasta,Menumpang,Keramik,0
Perempuan,80.39,81.47,79.88,4,1500000,0,1500000,Wiraswasta,Sewa Bulanan,Keramik,1
Perempuan,80.4,817,848,4,0,250000,250000,Tidak Bekerja,Milik Sendiri,Keramik,1
Perempuan,,,,5,2500000,0,2500000,Pegawai,Sewa Bulanan,Semen Plaster,1
Laki-laki,84.18,84.73,88.91,5,1500000,0,1500000,Pegawai,Milik Sendiri,Keramik,0
Perempuan,82,81,77,3,1000000,100000,1100000,Petani,Milik Sendiri,Semen Plaster,0
Perempuan,83,83,84,5,2000000,0,2000000,Pegawai,Menumpang,Ubin,1
Perempuan,80,80,81,4,0,100000,100000,Tidak bekerja,Milik Sendiri,Ubin,1
Perempuan,81,82,83,6,1000000,0,1000000,Tidak bekerja,Milik Sendiri,Keramik,1
Perempuan,81,79,856,5,750000,50000,800000,Petani,Milik Sendiri,Tanah,1
Perempuan,80.86,81.26,82.93,6,200000,0,200000,Wiraswasta,Menumpang,Keramik,0
Perempuan,84,91,92,7,30000,0,30000,Wiraswasta,Menumpang,Ubin,0
Perempuan,84,85,85,3,0,300000,300000,0,Milik Sendiri,Keramik,1
Perempuan,85,863,,4,500000,0,500000,Pegawai,Milik Sendiri,Semen Plaster,1
Perempuan,14.49,14.94,16.77,5,1750000,0,1750000,Pegawai,Menumpang,Ubin,1
Laki-laki,85,86,89,3,650000,200000,850000,Pegawai,Milik Sendiri,Keramik,0
Laki-laki,75,80,81,4,1500000,0,1500000,Pegawai,Milik Sendiri,Keramik,1
Perempuan,83.07,83.6,84.53,5,500000,0,500000,Tidak Bekerja,Milik Sendiri,Keramik,1
Perempuan,80,84,86,7,0,1000000,1000000,0,Milik Sendiri,Semen Plaster,1
Perempuan,75.05,84.06,85.52,9,500000,0,500000,Tidak bekerja,Menumpang,Keramik,0
Perempuan,81.87,80.08,83.67,3,750000,0,750000,Pegawai,Menumpang,Ubin,1
Perempuan,80,80,79,6,0,0,0,Tidak bekerja ,Milik Sendiri,Ubin,1
Perempuan,82,83,85,6,3000000,0,3000000,Pegawai,Menumpang,Keramik,0
Perempuan,80,80,85,5,3000000,1000000,4000000,Petani,Milik Sendiri,Semen Plaster,1
Perempuan,87.2,85.2,87.6,3,300000,0,300000,Pegawai,Milik Sendiri,Keramik,1
Laki-laki,82,78,80,4,2000000,0,2000000,Pegawai,Milik Sendiri,Keramik,0
Laki-laki,84.3,86.2,88.8,3,0,2000000,2000000,Wiraswasta,Milik Sendiri,Keramik,1
Laki-laki,79.4,83.6,83.5,32,4000000,0,4000000,Pegawai,Milik Sendiri,Keramik,0
Perempuan,,,,7,2000000,0,2000000,Pegawai,Sewa Bulanan,Semen Plaster,0
Perempuan,84,87,86,4,900000,3000000,3900000,Pegawai,Menumpang,Keramik,1
Laki-laki,70,70,70,6,0,0,0,0,Menumpang,Keramik,1
Laki-laki,85,87,85,3,500,0,500,Petani,Milik Sendiri,Keramik,0
Perempuan,,,,5,1000000,0,1000000,Petani,Milik Sendiri,Ubin,1
Perempuan,85.45,88.45,88.6,3,2900000,0,2900000,Pegawai,Milik Sendiri,Keramik,0
Perempuan,80,84,85,8,250000,0,250000,Wiraswasta,Menumpang,Keramik,1
Laki-laki,82,82,84,8,4000000,0,4000000,Pegawai ,Menumpang,Keramik,1
Laki-laki,83,84,86,2,0,300000,300000,Petani,Milik Sendiri,Ubin,0
Perempuan,82.2,83.33,84.6,4,20000,2400000,2420000,Pegawai,Milik Sendiri,Keramik,0
Laki-laki,70,70,75,10,0,0,0,Petani,Milik Sendiri,Tanah,0
Perempuan,80,82,82,4,1750000,0,1750000,Pegawai,Milik Sendiri,Keramik,1
Laki-laki,83,85.3,86,5,1200000,0,1200000,Pegawai,Sewa Bulanan,Keramik,1
Perempuan,85,85,85,4,0,500,500,Tidak bekerja ,Milik Sendiri,Ubin,0
Laki-laki,85.58,85,85.5,6,2000000,0,2000000,Tidak Bekerja,Milik Sendiri,Keramik,1
Perempuan,91.4,76.5,77.2,3,0,0,0,Tidak bekerja,Sewa Bulanan,Ubin,1
Perempuan,87,82,,4,35000,0,35000,Pegawai,Milik Sendiri,Semen Plaster,1
Perempuan,82.7,83,851,2,1000000,0,1000000,Pegawai,Menumpang,Semen Plaster,0
Laki-laki,85,86,85,4,500000,0,500000,Pegawai,Milik Sendiri,Keramik,1
Perempuan,79,81,84,6,1800000,0,1800000,Pegawai,Menumpang,Keramik,0
Perempuan,81,85,84,6,2000000,0,2000000,Pegawai,Sewa Bulanan,Ubin,1
Perempuan,94.5,97.7,99.3,5,70000,100000,170000,Pegawai,Milik Sendiri,Keramik,1
Perempuan,87,87,83,4,1500000,1000000,2500000,Pegawai,Milik Sendiri,Keramik,1
Perempuan,85.36,85.54,88,5,3000000,1000000,4000000,Pegawai,Milik Sendiri,Keramik,1
Laki-laki,81,83,85,4,1500000,500000,2000000,Wiraswasta,Milik Sendiri,Keramik,0
Perempuan,,,,3,3000000,0,3000000,Pegawai,Menumpang,Ubin,1
Perempuan,84.7,84.5,85.4,6,0,500000,500000,Tidak bekerja ,Milik Sendiri,Semen Plaster,1
Perempuan,92,95,93,4,3000000,0,3000000,Pegawai,Sewa Bulanan,Keramik,1
Perempuan,84,87,89,5,0,800000,800000,Pegawai,Sewa Bulanan,Keramik,0
Perempuan,85,83,85,3,0,2000000,2000000,-,Menumpang,Ubin,0
Laki-laki,88.33,88.36,88,4,0,840000,840000,Tidak Bekerja,Milik Sendiri,Keramik,0
Laki-laki,82,81,84,20,0,0,0,Pegawai,Menumpang,Keramik,1
Perempuan,78,79,82,3,1050000,1000000,2050000,Pegawai,Menumpang,Keramik,1
Perempuan,84,82,83,6,250000,0,250000,Pegawai,Milik Sendiri,Keramik,1
Laki-laki,80,82,83,4,3000000,0,3000000,Pegawai,Milik Sendiri,Keramik,0
Perempuan,83.4,84,856,4,1500000,0,1500000,Wiraswasta,Milik Sendiri,Semen Plaster,1
Perempuan,8,8,8,4,2500000,0,2500000,Pegawai,Milik Sendiri,Ubin,1
Perempuan,88,88,89,4,0,0,0,Tidak bekerja,Menumpang,Keramik,1
Laki-laki,,,,3,1500000,0,1500000,Pegawai,Milik Sendiri,Ubin,1
Laki-laki,,,,4,3000000,0,3000000,Pegawai,Milik Sendiri,Ubin,1
Perempuan,80,81,,4,250000,0,250000,Pegawai,Milik Sendiri,Tanah,1
Laki-laki,86,86,86,4,2000000,0,2000000,Wirausaha,Menumpang,Semen Plaster,1
Perempuan,88,87,89,6,0,0,0,Tidak bekerja,Menumpang,Keramik,1
Perempuan,86,87,87,5,3000000,0,3000000,Wiraswasta,Milik Sendiri,Keramik,1
Perempuan,86.61,89.16,91.75,4,500000,0,500000,Wiraswasta,Milik Sendiri,Keramik,0
Perempuan,80,80,80,3,900000,0,900000,Pegawai,Milik Sendiri,Keramik,0
Perempuan,80,81,,4,250000,0,250000,Pegawai,Milik Sendiri,Tanah,1
Perempuan,80,85,80,5,1500000,0,1500000,Pegawai,Milik Sendiri,Tanah,1
Perempuan,80,87,87,4,0,0,0,Tidak bekerja,Milik Sendiri,Keramik,1
Perempuan,81,82,83,4,0,1000000,1000000,0,Sewa Bulanan,Ubin,1
Laki-laki,84,80.7,84.3,5,1500000,1000000,2500000,Wiraswasta,Milik Sendiri,Keramik,1
Perempuan,75,75,78,5,0,500000,500000,Tidak bekerja,Milik Sendiri,Ubin,1
Perempuan,80,83,82,5,2250000,0,2250000,Wiraswasta,Menumpang,Ubin,1
Laki-laki,84.7,88.4,89.2,7,2917744,0,2917744,Pegawai,Milik Sendiri,Semen Plaster,1
Perempuan,,,,4,750000,500000,1250000,Pegawai,Milik Sendiri,Keramik,1
Laki-laki,83,87,87,5,1800000,500000,2300000,Wiraswasta,Milik Sendiri,Keramik,0
Perempuan,86,88,89,5,3000000,500000,3500000,Pegawai,Milik Sendiri,Semen Plaster,1
Perempuan,82.74,82.63,84.63,3,1500000,1000000,2500000,Pegawai,Milik Sendiri,Semen Plaster,1
Laki-laki,88.5,88.5,87.6,3,70000,0,70000,Wiraswasta,Milik Sendiri,Kayu,1
Perempuan,78,82,80,6,0,0,0,Tidak bekerja,Menumpang,Keramik,1
Laki-laki,87,80,87,4,1500000,1000000,2500000,Petani,Milik Sendiri,Ubin,1
Perempuan,79,93,78,5,50000,0,50000,Pegawai,Menumpang,Keramik,1
Laki-laki,78,78,78,1,1200000,0,1200000,Pegawai,Sewa Bulanan,Ubin,0
Perempuan,78,77,79,4,2500000,1500000,4000000,Wiraswasta,Menumpang,Keramik,1
Laki-laki,80,84,84,6,0,0,0,Pegawai,Menumpang,Keramik,0
Laki-laki,81,82,81,4,1000000,0,1000000,Wiraswasta,Sewa Bulanan,Keramik,1
Perempuan,,,,5,0,250000,250000,Tidak bekerja,Milik Sendiri,Semen Plaster,1
Laki-laki,82.08,82.37,81.45,5,15,0,15,Wirasasta,Milik Sendiri,Keramik,1
Laki-laki,,,,2,0,100,100,0,Menumpang,Ubin,1
Perempuan,80,82,84,5,3000000,0,3000000,Pegawai,Milik Sendiri,Ubin,0
Perempuan,83.6,84.86,85.86,5,1000000,0,1000000,Wiraswasta,Milik Sendiri,Keramik,1
Perempuan,85,83,79,6,4200000,0,4200000,PNS,Milik Sendiri,Keramik,0
Laki-laki,85.63,85.81,87.58,5,1000000,0,1000000,Wiraswasta,Milik Sendiri,Keramik,1
Laki-laki,86.53,82.36,85.63,4,1250000,0,1250000,Wiraswasta,Milik Sendiri,Keramik,1
Perempuan,86,89,,12,2000000,0,2000000,Pegawai,Menumpang,Ubin,0
Perempuan,83,85,86,2,5000000,2000000,7000000,Pegawai,Sewa Bulanan,Keramik,0
Perempuan,85,91,93,5,1000000,1000000,2000000,Wiraswasta,Milik Sendiri,Keramik,1
Perempuan,87,86,88,7,2000000,0,2000000,Pegawai,Sewa Tahunan,Ubin,1
Perempuan,77,80,80,11,0,5000000,5000000,Tidak Bekerja,Menumpang,Ubin,0
Laki-laki,80,78,80,4,250,0,250,Wiraswasta,Milik Sendiri,Ubin,1
Laki-laki,80.72,82.7,83.5,4,4000000,0,4000000,Pegawai,Milik Sendiri,Keramik,0
Perempuan,80.21,82.57,83.47,6,2000000,0,2000000,Wiraswasta,Milik Sendiri,Keramik,1
Laki-laki,79.1,80.42,81.5,2,250000,0,250000,Petani,Milik Sendiri,Semen Plaster,1
Laki-laki,82.67,80.5,83.4,4,2000000,0,2000000,Wiraswasta,Milik Sendiri,Tanah,1
Perempuan,84,86,88,5,800,0,800,Pegawai,Milik Sendiri,Keramik,0
Perempuan,83,87,89,9,0,0,0,Tidak bekerja,Milik Sendiri,Semen Plaster,1
Laki-laki,85,78,79,6,1650000,0,1650000,Pegawai,Milik Sendiri,Keramik,0
Perempuan,80,80,82,8,700000,0,700000,Tidak bekerja,Menumpang,Keramik,0
Laki-laki,88.5,88.7,89.7,8,2500000,0,2500000,Pegawai,Menumpang,Semen Plaster,1
Laki-laki,89,88,91,3,0,750000,750000,Tidak bekerja,Milik Sendiri,Keramik,0
Perempuan,86,87,89,5,0,250000,250000,Tidak bekerja,Milik Sendiri,Keramik,1
Laki-laki,83,86,82.04,3,0,0,0,PNS,Milik Sendiri,Ubin,0
Laki-laki,78,81,83,9,0,0,0,Tidak bekerja,Menumpang,Keramik,0
Perempuan,82.3,86.5,87.8,5,700000,0,700000,Petani,Milik Sendiri,Keramik,1
Perempuan,80,81,81,4,1000000,0,1000000,Pegawai,Sewa Bulanan,Ubin,1
Perempuan,85,88,88,3,0,1400000,1400000,Tidak Bekerja,Milik Sendiri,Keramik,1
Perempuan,,,,6,0,200,200,Tidak bekerja,Milik Sendiri,Keramik,1
Laki-laki,78.3,70,,2,0,0,0,Wiraswasta,Milik Sendiri,Keramik,1
Laki-laki,82.1,87.2,89.4,3,3500000,0,3500000,Pegawai,Sewa Bulanan,Keramik,1
Perempuan,85.99,82.72,84,3,1250,1500,2750,Wiraswasta,Sewa Bulanan,Keramik,0
Laki-laki,78.9,80.2,83.1,5,2000000,0,2000000,Pegawai,Sewa Bulanan,Ubin,0
Perempuan,,,,6,3000000,3000000,6000000,Pegawai,Menumpang,Ubin,0
Perempuan,84,84,87,3,750000,0,750000,Pegawai,Milik Sendiri,Keramik,1
Perempuan,7,8,8,5,0,0,0,Tidak bekerja,Menumpang,Keramik,0
Perempuan,85.8,87.8,88.3,6,1500000,0,1500000,Wiraswasta,Milik Sendiri,Keramik,1
Perempuan,78,81.1,83.4,6,700,50,750,Tidak bekerja,Menumpang,Keramik,1
Laki-laki,81,84,85,3,500000,0,500000,Pegawai,Milik Sendiri,Ubin,1
Perempuan,83,86,87,4,750000,500000,1250000,Petani,Milik Sendiri,Semen Plaster,1
Perempuan,81,80,79,5,2000000,0,2000000,Pegawai,Menumpang,Keramik,1
Perempuan,78,82,82,5,0,0,0,Tidak bekerja,Menumpang,Keramik,1
Perempuan,82,86,87,6,2500000,0,2500000,Pegawai,Menumpang,Ubin,1
Laki-laki,80,82,83,8,2000000,0,2000000,Wiraswasta,Menumpang,Keramik,0
Perempuan,81,79,86,5,2000000,0,2000000,Pegawai,Menumpang,Keramik,0
Perempuan,85,84,87,3,2000000,0,2000000,Petani,Milik Sendiri,Semen Plaster,1
Perempuan,78,85,87,2,0,0,0,Pegawai,Milik Sendiri,Keramik,0
Perempuan,75.02,77.14,81.07,7,0,500000,500000,Tidak ada,Milik Sendiri,Ubin,1
Laki-laki,,,,4,0,500,500,Pegawai,Menumpang,Semen Plaster,0
Laki-laki,83,81,80,2,0,800000,800000,0,Milik Sendiri,Semen Plaster,0
Perempuan,86.71,89.57,92.28,9,2500000,0,2500000,Wiraswasta,Milik Sendiri,Keramik,1
Laki-laki,83.91,84.7,,4,1500000,0,1500000,Pegawai,Milik Sendiri,Semen Plaster,1
Perempuan,82.4,86,85.2,4,2000000,800000,2800000,Pegawai,Sewa Tahunan,Keramik,1
Laki-laki,84,83,86,4,2300000,0,2300000,Pegawai,Milik Sendiri,Keramik,0
Laki-laki,84.09,83.73,85.18,5,3000000,0,3000000,Wiraswasta,Milik Sendiri,Keramik,1
Laki-laki,80.29,81.29,83.14,4,0,1000000,1000000,0,Sewa Tahunan,Keramik,0
Perempuan,79.6,78.6,,5,1000000,0,1000000,Pegawai,Milik Sendiri,Keramik,1
Perempuan,84,87,87,4,2000000,0,2000000,Pegawai,Milik Sendiri,Keramik,0
Perempuan,82,84,86,3,50000,0,50000,Pegawai,Milik Sendiri,Ubin,1
Laki-laki,91.3,93.6,91.1,3,900000,0,900000,Pegawai,Milik Sendiri,Semen Plaster,1
Laki-laki,78,81,80,4,20,0,20,Pegawai,Milik Sendiri,Semen Plaster,1
Perempuan,87.7,84,846,4,0,1250000,1250000,Tidak bekerja,Sewa Bulanan,Ubin,1
Perempuan,85.8,87.5,89.8,8,3000000,0,3000000,Pegawai,Menumpang,Ubin,0
Perempuan,84.79,85.64,87,4,1500000,0,1500000,Pegawai,Milik Sendiri,Keramik,0
Laki-laki,81.5,80.1,79.2,6,0,0,0,Pegawai,Menumpang,Keramik,1
Laki-laki,82,82,82,4,1000000,0,1000000,Pegawai,Milik Sendiri,Tanah,1
Perempuan,84,84,84,5,3750000,0,3750000,Pegawai,Menumpang,Keramik,0
Perempuan,88,87,81,6,50000,0,50000,Pegawai,Milik Sendiri,Keramik,1
Perempuan,88,85,79,12,50000,0,50000,Pegawai,Milik Sendiri,Keramik,1
Perempuan,79.2,79.7,80,4,4300000,0,4300000,PNS,Sewa Tahunan,Keramik,0
Perempuan,81.3,83.5,86.2,4,3000000,0,3000000,Pegawai,Menumpang,Kayu,1
Perempuan,82.6,89,84,7,700000,500000,1200000,Pegawai,Menumpang,Ubin,1
Perempuan,84,87,89,2,4000000,0,4000000,Pegawai,Sewa Bulanan,Keramik,1
Perempuan,87,89,90,4,0,0,0,0,Milik Sendiri,Kayu,0
Perempuan,80,80,84,4,2000000,0,2000000,Pegawai,Milik Sendiri,Ubin,1
Laki-laki,79,79,80,6,1500000,0,1500000,Pegawai,Sewa Bulanan,Ubin,0
Perempuan,,,,4,1000,500,1500,Petani,Milik Sendiri,Kayu,1
Perempuan,84,84,85,4,1000000,0,1000000,Pegawai,Milik Sendiri,Semen Plaster,1
Laki-laki,76.45,83.44,80.46,4,0,0,0,Pegawai,Sewa Bulanan,Ubin,1
Laki-laki,79,79,81,3,2500000,0,2500000,Wiraswasta,Milik Sendiri,Semen Plaster,1
Laki-laki,83,86.5,87,4,900000,0,900000,Pegawai,Milik Sendiri,Ubin,0
Laki-laki,77,65,82,4,700000,0,700000,Wiraswasta ,Milik Sendiri,Ubin,0
Perempuan,88,89,89,2,250000,500000,750000,Wiraswasta ,Sewa Bulanan,Ubin,0
Laki-laki,81,76,77,3,0,0,0,Pegawai,Sewa Tahunan,Keramik,1
Perempuan,83,85,80,6,2000000,0,2000000,Wiraswasta,Menumpang,Keramik,0
Perempuan,86.17,851,8556,5,3000000,0,3000000,Pegawai,Milik Sendiri,Keramik,0
Perempuan,92.42,93.27,92.91,6,1250000,0,1250000,Wiraswasta,Menumpang,Ubin,1
Perempuan,80,78,80,5,100000,60000,160000,Wiraswasta,Milik Sendiri,Ubin,1
Perempuan,79.1,74.73,81.73,5,2000000,0,2000000,Wiraswasta,Milik Sendiri,Keramik,0
Laki-laki,,,,5,1000000,250000,1250000,Wiraswasta,Milik Sendiri,Keramik,1
Perempuan,84,84,81,5,1620000,0,1620000,Pegawai,Menumpang,Kayu,0
Laki-laki,90,89,89,6,10,1000000,1000010,Wiraswasta,Milik Sendiri,Keramik,1
Perempuan,86.9,85.85,88.5,5,2000000,0,2000000,Wiraswasta,Milik Sendiri,Keramik,0
Perempuan,80,80,79,4,500000,0,500000,Pegawai,Milik Sendiri,Keramik,1
Perempuan,81.75,80,83.71,4,1000000,0,1000000,Wiraswasta,Sewa Bulanan,Ubin,1
Laki-laki,81.23,81,82,4,350000,0,350000,Wiraswasta,Menumpang,Keramik,1
Perempuan,81.5,85.8,86.8,2,1500000,1000000,2500000,Pegawai,Milik Sendiri,Keramik,1
Perempuan,80,84.8,83.96,3,0,500000,500000,Tidak bekerja,Menumpang,Keramik,0
Perempuan,80.5,83,84.3,5,1500000,0,1500000,Pegawai,Menumpang,Keramik,0
Perempuan,81.38,86.77,86.38,4,1000000,700000,1700000,Pegawai,Menumpang,Keramik,1
Perempuan,8,8,8,7,500000,0,500000,Tidak bekerja,Menumpang,Ubin,1
Perempuan,87.8,868,901,4,2100000,0,2100000,Pegawai,Sewa Bulanan,Ubin,1
Perempuan,83.6,87,88,5,3000000,0,3000000,Pegawai ,Menumpang,Keramik,1
Perempuan,88.17,85.5,85.8,5,1500000,1250000,2750000,Wiraswasta,Menumpang,Keramik,1
Laki-laki,76,80,79,4,1500000,1500000,3000000,Pegawai,Milik Sendiri,Semen Plaster,0
Perempuan,,,,4,3500000,0,3500000,Pedagang,Sewa Tahunan,Ubin,1
Laki-laki,,,,4,0,3000000,3000000,Tidak bekerja,Sewa Bulanan,Keramik,0
Perempuan,90,89,90,4,2000000,0,2000000,Pegawai,Sewa Tahunan,Keramik,1
Perempuan,82,81,83,6,1000000,0,1000000,Wiraswasta,Milik Sendiri,Ubin,0
Perempuan,82.71,84.35,86,3,0,0,0,Tidak bekerja,Menumpang,Keramik,1
Laki-laki,80.25,76.63,84,6,2000000,0,2000000,Pegawai,Milik Sendiri,Keramik,1
Perempuan,83,85,87,4,0,1500000,1500000,Tidak bekerja,Sewa Bulanan,Keramik,1
Laki-laki,80.83,82.6,83.6,5,2800000,0,2800000,Pegawai,Milik Sendiri,Kayu,1
Perempuan,83,86,88,4,1000000,0,1000000,Pegawai,Milik Sendiri,Semen Plaster,0
Laki-laki,85,86,86,3,800000,0,800000,Pegawai,Milik Sendiri,Keramik,1
Perempuan,83.2,84.2,86.8,5,50000,800000,850000,Pegawai,Sewa Bulanan,Keramik,1
Perempuan,87,88,90,4,1500000,0,1500000,Pegawai,Sewa Bulanan,Keramik,0
Laki-laki,79.5,81.2,82.1,6,1000000,0,1000000,Petani,Milik Sendiri,Semen Plaster,1
Laki-laki,81,81,79,3,300000,100000,400000,Wiraswasta,Sewa Bulanan,Keramik,0
Perempuan,87.2,88.4,87.8,4,2000000,0,2000000,Wiraswasta,Sewa Bulanan,Keramik,0
Laki-laki,79.64,84,5,2,2500000,0,2500000,Pegawai,Menumpang,Semen Plaster,1
Laki-laki,77.81,74.9,75.27,7,0,1.00E+13,1.00E+13,Wiraswasta,Milik Sendiri,Ubin,1
Perempuan,83.25,85,87,4,1000000,0,1000000,Wiraswasta,Milik Sendiri,Ubin,0
Perempuan,,,,2,1900000,1000000,2900000,Wiraswasta,Menumpang,Kayu,0
Perempuan,84.06,83.25,85.93,5,2400000,0,2400000,Petani,Menumpang,Semen Plaster,1
Perempuan,84.62,82.06,84.68,4,3500000,0,3500000,Buruh ,Milik Sendiri,Ubin,0
Perempuan,86.4,85,87,6,1500000,0,1500000,Pegawai,Menumpang,Keramik,1
Perempuan,82,84,85,7,27500000,0,27500000,Wiraswasta,Sewa Bulanan,Keramik,1
Laki-laki,94.23,77.08,87.2,8,3000000,0,3000000,Wiraswasta,Milik Sendiri,Keramik,1
Perempuan,81.9,81.6,86.7,5,2500000,0,2500000,Pegawai,Menumpang,Ubin,0
Laki-laki,75,80,80,3,500000,0,500000,Petani,Milik Sendiri,Semen Plaster,1
Laki-laki,,,,3,1750000,750000,2500000,Pegawai,Milik Sendiri,Keramik,1
Perempuan,76,80,71,5,750000,0,750000,Pegawai,Milik Sendiri,Semen Plaster,1
Laki-laki,79,7,7,5,0,900000,900000,0,Milik Sendiri,Keramik,1
Laki-laki,84.8,86.4,88.4,5,2000000,0,2000000,Wiraswasta,Sewa Tahunan,Semen Plaster,1
Perempuan,85,90,905,4,5000000,0,5000000,PNS,Milik Sendiri,Ubin,0
Perempuan,85,94,85,6,50000,0,50000,Wiraswasta,Menumpang,Keramik,1
Perempuan,85.84,87.84,90.2,5,2000000,0,2000000,Pegawai,Milik Sendiri,Keramik,1
Perempuan,8.75,903,92,4,3000000,0,3000000,Pegawai,Milik Sendiri,Keramik,1
Laki-laki,,,,5,500000,800000,1300000,Pegawai,Sewa Bulanan,Keramik,0
Laki-laki,76,80,71,4,2500000,2200000,4700000,Pegawai,Sewa Bulanan,Keramik,1
Laki-laki,87,91,90,3,0,450000,450000,Tidak bekerja,Milik Sendiri,Keramik,0
Laki-laki,81,87,88,3,1000000,0,1000000,Pegawai,Milik Sendiri,Kayu,1
Perempuan,84,84,86,4,0,1000000,1000000,0,Menumpang,Keramik,1
Perempuan,84,85,95,5,2000000,0,2000000,Wiraswasta,Milik Sendiri,Keramik,0
Laki-laki,83,84,84,4,2500000,0,2500000,Wiraswasta,Sewa Tahunan,Semen Plaster,0
Perempuan,86.13,88.47,90.8,4,2500000,0,2500000,Pegawai,Milik Sendiri,Keramik,0
Laki-laki,81,81,82,3,500000,0,500000,Pegawai,Milik Sendiri,Keramik,1
Perempuan,85.21,86.78,90.5,3,1000000,0,1000000,Petani,Milik Sendiri,Kayu,1
Perempuan,84,84,86,4,1500000,0,1500000,Petani,Milik Sendiri,Ubin,0
Laki-laki,,,,4,2300000,3000000,5300000,Pegawai,Milik Sendiri,Keramik,0
Perempuan,83,84,85,5,500000,0,500000,Pegawai,Menumpang,Ubin,1
Perempuan,83,84,,3,0,0,0,Tidak bekerja,Milik Sendiri,Ubin,0
Perempuan,80,82,83,5,2000000,1500000,3500000,Wiraswasta,Milik Sendiri,Keramik,1
Laki-laki,86,86,87,5,2000000,500000,2500000,Pegawai,Milik Sendiri,Semen Plaster,0
Laki-laki,80,80,80,8,0,1400000,1400000,Tidak bekerja,Menumpang,Ubin,1
Perempuan,81,82,84,5,2000000,0,2000000,Pegawai ,Milik Sendiri,Kayu,1
Laki-laki,78,80,83,4,2000000,0,2000000,Pegawai ,Menumpang,Ubin,1
Perempuan,,,,6,1500000,0,1500000,Pegawai ,Milik Sendiri,Keramik,1
Perempuan,86.07,86.06,87.26,6,1500000,0,1500000,Pegawai ,Menumpang,Keramik,1
Perempuan,84.71,84.6,86.33,6,750000,0,750000,Petani,Menumpang,Kayu,1
Perempuan,82,81,84,4,0,0,0,Tidak bekerja,Milik Sendiri,Keramik,1
Perempuan,80.93,83.86,85.4,3,500000,1600000,2100000,Pegawai,Milik Sendiri,Tanah,0
Perempuan,81,84,86,3,4000000,0,4000000,Pegawai,Sewa Tahunan,Ubin,0
Perempuan,,,,6,500000,0,500000,Pegawai,Menumpang,Keramik,1
Laki-laki,81.67,,8313,3,50000,0,50000,Pegawai,Milik Sendiri,Keramik,1
Perempuan,82,84,85,3,0,1000000,1000000,0,Sewa Bulanan,Semen Plaster,0
Laki-laki,83,84,86,3,500000,0,500000,Pegawai,Menumpang,Keramik,0
Perempuan,81,80,80,5,3000000,0,3000000,Pegawai,Sewa Bulanan,Keramik,0
Perempuan,82,84,86,4,0,0,0,0,Milik Sendiri,Keramik,1
Perempuan,,,,7,2000000,250000,2250000,Wiraswasta,Milik Sendiri,Keramik,1
Laki-laki,90,92,86,4,80000,50000,130000,Wiraswasta,Milik Sendiri,Keramik,0
Perempuan,86.5,87.8,89.4,5,2500000,0,2500000,Pegawai,Milik Sendiri,Kayu,1
Perempuan,84,87.3,88.2,2,0,750000,750000,0,Milik Sendiri,Keramik,1
Perempuan,82,83,84,5,1000000,0,1000000,Wiraswasta,Milik Sendiri,Keramik,0
Perempuan,84,86,88,4,800000,700000,1500000,Pegawai,Milik Sendiri,Keramik,1
Perempuan,83,87,,3,20000,0,20000,Pegawai,Milik Sendiri,Keramik,0
Perempuan,,,,3,0,0,0,Tidak Bekerja,Milik Sendiri,Keramik,1
Perempuan,,,,5,1250000,0,1250000,Pegawai,Milik Sendiri,Keramik,1
Perempuan,83,84,86,3,1500000,0,1500000,Pegawai,Milik Sendiri,Semen Plaster,1
Perempuan,85,89,88.59,4,0,0,0,Tidak bekerja,Milik Sendiri,Ubin,1
Laki-laki,83.64,84.57,85.39,7,750000,0,750000,Pegawai,Milik Sendiri,Keramik,0
Perempuan,,,,3,0,500000,500000,0,Milik Sendiri,Semen Plaster,1
Perempuan,81,88,88,4,1500000,0,1500000,Tidak bekerja,Milik Sendiri,Keramik,1
Perempuan,81,87,85,4,750000,750000,1500000,Petani,Milik Sendiri,Kayu,0
Perempuan,92,93,92,2,0,0,0,Pegawai,Milik Sendiri,Ubin,0
Perempuan,84.21,86,88.71,4,1500000,0,1500000,Petani,Milik Sendiri,Semen Plaster,1
Perempuan,86,90,92,3,500000,0,500000,Pegawai,Sewa Bulanan,Ubin,0
Perempuan,85.62,88,90.1,5,2500000,0,2500000,Wiraswasta,Milik Sendiri,Keramik,1
Perempuan,83,82.7,84.4,3,1000000,0,1000000,Pegawai,Milik Sendiri,Keramik,1
Laki-laki,84.85,86.5,86.5,3,3500000,0,3500000,Wiraswasta,Milik Sendiri,Keramik,1
Perempuan,,,,5,1500000,0,1500000,Pegawai,Milik Sendiri,Ubin,1
Perempuan,85.5,87.21,88.28,4,250000,0,250000,Pegawai,Menumpang,Kayu,1
Perempuan,90.8,92.3,95.83,5,1500000,0,1500000,Wiraswasta,Milik Sendiri,Keramik,1
Laki-laki,83.63,85.33,87.55,10,0,1200000,1200000,Tidak bekerja,Milik Sendiri,Keramik,1
Laki-laki,77,80,82,5,3000000,0,3000000,Tidak bekerja,Menumpang,Ubin,1
Perempuan,81.4,85.6,88.3,4,4500000,0,4500000,Pegawai,Sewa Bulanan,Ubin,1
Perempuan,84,84,85,5,2400000,0,2400000,Pegawai,Milik Sendiri,Keramik,0
Laki-laki,,85.95,,3,1700000,0,1700000,Pegawai,Menumpang,Keramik,1
Perempuan,84,80,80,4,1500000,1250001,2750001,Pegawai,Sewa Bulanan,Ubin,1
Perempuan,83,85,,3,0,0,0,Wiraswasta,Milik Sendiri,Ubin,0
Laki-laki,80,81,81,5,0,0,0,Wiraswasta,Sewa Bulanan,Ubin,1
Perempuan,89.1,90.1,91.1,5,500,0,500,Petani,Milik Sendiri,Semen Plaster,0
Perempuan,79,81,83,4,70000,0,70000,Pegawai,Milik Sendiri,Tanah,1
Perempuan,79,86,88,6,500000,0,500000,Pegawai,Milik Sendiri,Ubin,1
Perempuan,84,86,86,5,800000,0,800000,Pegawai,Menumpang,Keramik,0
Laki-laki,,,,5,0,50000,50000,0,Milik Sendiri,Keramik,1
Perempuan,80,83,84,9,1750000,300000,2050000,Pegawai,Menumpang,Kayu,1
Laki-laki,,,,7,0,1000000,1000000,0,Menumpang,Keramik,0
Laki-laki,83.9,84.25,84.87,6,0,0,0,Tidak bekerja,Milik Sendiri,Keramik,1
Perempuan,86,85,84,2,0,2500000,2500000,Tidak bekerja,Milik Sendiri,Keramik,1
Perempuan,83,82,86,5,0,1500000,1500000,Tidak bekerja,Menumpang,Keramik,1
Laki-laki,80,84,86,3,0,1000000,1000000,Pegawai,Milik Sendiri,Keramik,1
Perempuan,80,80,80,5,3500000,0,3500000,Pegawai,Milik Sendiri,Ubin,1
Laki-laki,85.07,89.4,88.33,3,0,0,0,Tidak Bekerja,Milik Sendiri,Tanah,1
Perempuan,82,84,84,4,150000,0,150000,Wiraswasta,Milik Sendiri,Keramik,1
Perempuan,,,,3,100000,0,100000,Pegawai,Milik Sendiri,Tanah,1
Laki-laki,80,85,87,5,500000,500000,1000000,Wiraswasta,Milik Sendiri,Ubin,1
Laki-laki,90,98,88,4,1600000,0,1600000,Pegawai,Milik Sendiri,Keramik,0
Perempuan,81,85,85,5,2500000,0,2500000,Pegawai,Milik Sendiri,Keramik,1
Laki-laki,81,76,77,3,0,0,0,Pegawai,Sewa Tahunan,Keramik,0
Perempuan,86,87,84,4,1000000,0,1000000,Pegawai,Sewa Bulanan,Keramik,0
Laki-laki,80.2,83.89,84.39,4,3000000,0,3000000,Pegawai,Menumpang,Keramik,0
Perempuan,75.8,84,835,5,3000000,0,3000000,Pegawai,Menumpang,Semen Plaster,0
Perempuan,83.8,82.9,85.9,8,1500000,0,1500000,Pegawai,Milik Sendiri,Keramik,1
Laki-laki,81,82,76,6,3000000,0,3000000,Pegawai,Milik Sendiri,Keramik,1
Perempuan,84.17,83.75,85.42,5,450000,0,450000,Petani,Milik Sendiri,Semen Plaster,0
Laki-laki,80,82.28,84.35,4,2000000,0,2000000,Pegawai,Milik Sendiri,Keramik,1
Laki-laki,80.1,85.6,85.3,5,500000,0,500000,Wiraswasta,Sewa Bulanan,Semen Plaster,1
Laki-laki,76.3,69.9,70.3,8,500000,0,500000,Wiraswasta,Milik Sendiri,Semen Plaster,0
Laki-laki,85.16,88.27,87.5,4,1000000,0,1000000,Pegawai,Sewa Bulanan,Ubin,0
Perempuan,84,84,83,10,500000,0,500000,Wiraswasta,Milik Sendiri,Ubin,1
Perempuan,80.8,86,87.4,5,1500000,0,1500000,Wiraswasta,Milik Sendiri,Ubin,0
Perempuan,83.52,86.14,87.07,11,2500000,0,2500000,Wiraswasta,Menumpang,Keramik,1
Laki-laki,,,,3,2000000,400000,2400000,Wiraswasta,Milik Sendiri,Keramik,1
Laki-laki,84,85,85,5,500000,0,500000,Petani,Milik Sendiri,Kayu,0
Perempuan,81.4,84.5,84,4,500000,750000,1250000,Pegawai,Menumpang,Keramik,0
Laki-laki,80.1,85.6,85.3,5,500000,0,500000,Wiraswasta,Sewa Bulanan,Semen Plaster,0
Laki-laki,82,80,82,7,1000000,0,1000000,Petani,Menumpang,Semen Plaster,1
Perempuan,80,82,82,3,300000,0,300000,Petani,Milik Sendiri,Keramik,1
Perempuan,,80.7,81.7,7,1200000,850000,2050000,Pegawai,Milik Sendiri,Kayu,0
Laki-laki,83,84,86,6,500000,0,500000,Pegawai,Milik Sendiri,Semen Plaster,1
Perempuan,85,89,88,4,0,0,0,Tidak bekerja,Menumpang,Ubin,1
Perempuan,81,83,84,4,500000,0,500000,Pegawai,Milik Sendiri,Semen Plaster,0
Perempuan,86,85,89,8,0,4100000,4100000,Tidak bekerja,Sewa Bulanan,Keramik,1
Perempuan,85,85,82,5,1500000,0,1500000,Petani,Milik Sendiri,Keramik,1
Laki-laki,81,66,69,5,0,500000,500000,Pegawai,Milik Sendiri,Semen Plaster,1
Perempuan,96,97,96,5,500000,500000,1000000,Petani,Menumpang,Kayu,0
Perempuan,82,81,82,4,70000,0,70000,Wiraswasta,Milik Sendiri,Keramik,0
Perempuan,83,85,87,3,2000000,0,2000000,Tidak Bekerja,Menumpang,Keramik,1
Perempuan,79,80,85,7,25,18,43,Wiraswasta,Sewa Tahunan,Semen Plaster,1
Perempuan,,,,5,1500000,0,1500000,Pegawai,Sewa Bulanan,Keramik,1
Perempuan,84,85,87,4,0,1000000,1000000,0,Milik Sendiri,Ubin,0
Perempuan,76.12,80.25,81.75,7,500000,2000000,2500000,PNS,Milik Sendiri,Ubin,0
Perempuan,84,83,85,5,0,200000,200000,Tidak Bekerja,Menumpang,Semen Plaster,1
Perempuan,82.81,81.28,82.81,6,0,0,0,Pegawai,Menumpang,Keramik,1
Laki-laki,78.23,79.58,84,4,800000,0,800000,Wiraswasta,Milik Sendiri,Keramik,1
Laki-laki,75,81,,2,0,250000,250000,Petani,Milik Sendiri,Keramik,1
Perempuan,85,84,85,6,2000000,0,2000000,Wiraswasta,Milik Sendiri,Ubin,1
Perempuan,87.14,85.51,88.9,5,1500000,0,1500000,Petani,Sewa Bulanan,Semen Plaster,1
Perempuan,84,85,84,5,100000,0,100000,Wiraswasta,Milik Sendiri,Keramik,0
Laki-laki,,,,4,0,0,0,0,Milik Sendiri,Tanah,1
Perempuan,83,76,80.86,4,2500000,0,2500000,Wiraswasta,Milik Sendiri,Kayu,1
Laki-laki,79,79,80,26,500000,0,500000,Pegawai,Menumpang,Ubin,0
Perempuan,96,89,90,5,3500000,0,3500000,Pegawai,Milik Sendiri,Ubin,1
Perempuan,83.6,86,87.9,4,1000000,250000,1250000,Pegawai,Milik Sendiri,Keramik,1
Laki-laki,81,82,85,3,1000000,300000,1300000,PNS,Milik Sendiri,Keramik,1
Perempuan,81,80,0,6,1250000,0,1250000,Pegawai,Milik Sendiri,Ubin,0
Perempuan,84.8,84.6,,4,0,0,0,0,Menumpang,Keramik,1
Perempuan,85,84,82,5,2500000,0,2500000,Wiraswasta,Milik Sendiri,Semen Plaster,1
Perempuan,87,85,87,4,25000,50000,75000,Pegawai,Menumpang,Keramik,1
Laki-laki,88.85,89.38,87.92,3,3491173,1000000,4491173,Pegawai,Sewa Bulanan,Keramik,0
Perempuan,81.75,86,85,4,4800000,0,4800000,Pegawai,Milik Sendiri,Keramik,0
Perempuan,83,82,85,5,1500000,0,1500000,Pegawai,Milik Sendiri,Keramik,1
Perempuan,86.85,89.21,,4,500000,0,500000,Pegawai,Menumpang,Keramik,1
Laki-laki,75,75,75,4,2000000,0,2000000,Wiraswasta,Sewa Bulanan,Keramik,0
Laki-laki,85.14,86.35,88,4,0,1000000,1000000,Wiraswasta,Menumpang,Ubin,1
Laki-laki,,,,4,0,0,0,0,Milik Sendiri,Tanah,0
Laki-laki,82.9,80.3,81.3,4,2000000,0,2000000,Wiraswasta,Milik Sendiri,Keramik,1
Perempuan,82,84,89,3,0,3860000,3860000,Wiraswasta ,Milik Sendiri,Ubin,0
Perempuan,82,87,,5,500000,0,500000,Pegawai,Milik Sendiri,Keramik,1
Laki-laki,,,,5,3000000,0,3000000,Pegawai,Sewa Tahunan,Keramik,1
Laki-laki,85,87,87,4,3800000,0,3800000,Pegawai,Sewa Bulanan,Ubin,0
Perempuan,87,78,85,4,0,0,0,PNS,Sewa Tahunan,Ubin,1
Perempuan,80.2,78.54,80.62,3,1500000,0,1500000,Wiraswasta,Sewa Bulanan,Keramik,1
Laki-laki,76,77,76,5,3800000,0,3800000,PNS,Menumpang,Ubin,0
Perempuan,83,82,86,4,650000,250000,900000,Pegawai,Milik Sendiri,Keramik,1
Laki-laki,83,80,80,5,1500000,0,1500000,Wiraswasta,Milik Sendiri,Ubin,1
Laki-laki,81,90,89,4,2200000,400000,2600000,Pegawai,Milik Sendiri,Keramik,1
Perempuan,84.36,84.6,87.56,6,2500000,0,2500000,Pegawai,Milik Sendiri,Keramik,1
Perempuan,85,85,86,3,0,0,0,Tidak ada,Menumpang,Keramik,0
Perempuan,89.5,88.64,89.85,5,1500000,0,1500000,Petani,Milik Sendiri,Semen Plaster,1
Laki-laki,85,82,86,4,2500000,0,2500000,Pegawai,Milik Sendiri,Ubin,1
Perempuan,86.42,86.64,88.42,4,1500000,0,1500000,Pegawai,Milik Sendiri,Kayu,1
Perempuan,88,88,88,7,0,0,0,Tidak bekerja,Milik Sendiri,Keramik,0
Perempuan,84,88,88,5,3500000,0,3500000,Pegawai,Menumpang,Ubin,0
Laki-laki,80.17,82.69,83.4,5,1900000,0,1900000,Pegawai,Sewa Tahunan,Keramik,0
Laki-laki,81,83,83,3,0,500000,500000,Pegawai,Milik Sendiri,Keramik,1
Laki-laki,79,81,82,5,1200000,0,1200000,Pegawai,Milik Sendiri,Semen Plaster,1
Laki-laki,85,83,85,5,3500000,0,3500000,Pegawai,Milik Sendiri,Keramik,1
Laki-laki,80,77,82,3,1500000,0,1500000,Petani,Milik Sendiri,Semen Plaster,0
Laki-laki,83,89,90,5,1000000,0,1000000,Pegawai,Menumpang,Keramik,0
